{"model_data": {"model": "SimpleRNN", "input_size": 1, "skip": 1, "output_size": 1, "unit_type": "LSTM", "num_layers": 1, "hidden_size": 12, "bias_fl": true}, "state_dict": {"rec.weight_ih_l0": [[-0.0062154605984687805], [-0.017328176647424698], [-0.07916198670864105], [0.6028742790222168], [-0.07708314806222916], [-0.12351708114147186], [-0.01112996507436037], [0.052540697157382965], [0.04380907118320465], [-0.06664643436670303], [0.055576425045728683], [-0.03267782926559448], [0.001894580782391131], [-0.08259162306785583], [-0.10279938578605652], [0.01180274598300457], [-0.09140022099018097], [-0.15490375459194183], [0.002957179443910718], [0.044451676309108734], [-0.0009493413381278515], [-0.05422727391123772], [-0.10767988860607147], [-0.024295132607221603], [0.061549849808216095], [0.11577640473842621], [-0.18600764870643616], [0.17245586216449738], [0.17215001583099365], [0.346215158700943], [0.019532177597284317], [-4.392212390899658], [0.2737444043159485], [0.12925265729427338], [2.3361129760742188], [0.9143818020820618], [-0.01807425729930401], [-0.060245294123888016], [0.11642862856388092], [0.08348964154720306], [0.06595956534147263], [0.06425274908542633], [-0.008247444406151772], [0.08253811299800873], [-0.038919322192668915], [0.06181915104389191], [0.169453963637352], [-0.19775043427944183]], "rec.weight_hh_l0": [[0.3932609558105469, -0.5467702746391296, -1.0405091047286987, -0.06305477023124695, -0.027169423177838326, -0.23659779131412506, -0.07839620858430862, -0.05403624475002289, 0.04024037718772888, -0.6723098158836365, 0.26859888434410095, 0.10142101347446442], [1.0473663806915283, 0.6408950090408325, -0.9803751707077026, 0.6887282729148865, 0.149212047457695, -1.519319772720337, 0.054228343069553375, 0.1739928126335144, 0.25422152876853943, 0.4241665303707123, -0.21817487478256226, -0.5814025402069092], [0.022969925776124, -0.3557724952697754, -0.12664002180099487, 0.15240256488323212, 0.144300639629364, 0.5515835881233215, -0.21679608523845673, -0.3641994595527649, 0.05778040364384651, -0.10593605041503906, -0.3170579969882965, -0.06531587988138199], [-0.07029422372579575, -0.2558877766132355, -0.2663443982601166, 0.7108289003372192, 0.11904504150152206, -0.7351500988006592, 0.14089637994766235, -0.10942093282938004, -0.24892841279506683, 0.43555977940559387, 0.3875278830528259, 0.3921768069267273], [-0.1203109547495842, 0.7284884452819824, 0.22283124923706055, -0.4370531737804413, -1.0276869535446167, -0.5366997718811035, -0.1335601806640625, 0.1651218980550766, 0.11860145628452301, -0.38572901487350464, -0.9404883980751038, -0.011842581443488598], [-0.27350032329559326, -0.06704985350370407, 0.06309192627668381, 0.059456855058670044, 1.0269229412078857, 0.0027026094030588865, 0.24817875027656555, 0.39522841572761536, 0.17674888670444489, 0.1587943583726883, -0.16717952489852905, 0.09868097305297852], [-0.19769160449504852, -0.2547500431537628, -0.11355571448802948, 0.1304871290922165, -0.10774919390678406, -0.10930739343166351, -0.11570598930120468, 0.08466668426990509, -0.1477721482515335, 0.48564231395721436, 0.05933626741170883, -0.07554745674133301], [-0.5527377128601074, 0.8364934325218201, 0.9573619961738586, -0.5119770169258118, 0.048395492136478424, 0.7058987617492676, 0.016699492931365967, 0.04105273261666298, 0.11843489855527878, -0.2735426425933838, -0.047352079302072525, 0.25673165917396545], [-0.2312299758195877, -0.3119756281375885, -0.0216812863945961, 0.3163275718688965, 0.07129416614770889, -0.1686335802078247, 0.03669083118438721, 0.08529709279537201, -0.02825302630662918, 0.4656437039375305, 0.24669760465621948, -0.038940951228141785], [-0.2174413502216339, 0.020153025165200233, -0.31167086958885193, 0.22882556915283203, -0.32452017068862915, 0.4114481210708618, -0.2790251672267914, 0.040032580494880676, 0.0398254469037056, -0.07681436836719513, 0.08395066112279892, -0.11325611174106598], [-0.4660811424255371, 0.798882246017456, 1.3000656366348267, -0.37596645951271057, 0.5799395442008972, -0.28180453181266785, -0.21157273650169373, -0.1734418421983719, 0.19737431406974792, -0.030965646728873253, -1.2096667289733887, 0.1420435905456543], [-0.22101545333862305, -0.13667915761470795, -0.3838416635990143, -0.025116832926869392, 0.11165747791528702, -0.3425975441932678, 0.014620515517890453, 0.11502961069345474, 0.08712150901556015, 0.11423374712467194, 0.09039019048213959, -0.5599204301834106], [0.9971040487289429, -0.5167739391326904, -0.5083293914794922, -0.180272176861763, 0.5659773945808411, -0.09279272705316544, 0.16572415828704834, 0.19718493521213531, -0.06505823880434036, -0.4261931777000427, 0.07311702519655228, 0.23263871669769287], [-0.4427087604999542, 0.00836773868650198, 0.636946976184845, -0.614398181438446, -0.07468394935131073, 1.1792433261871338, -0.18488775193691254, -0.6490650773048401, 0.040231600403785706, -0.7464391589164734, -0.1893632709980011, 0.5579572319984436], [0.18090905249118805, -0.5131807327270508, -0.5495763421058655, 0.03908761963248253, -0.15586356818675995, -0.08108312636613846, -0.1358809918165207, 0.021892456337809563, 0.05006301775574684, -0.20595107972621918, -0.6360815763473511, 0.20494666695594788], [-0.4920712113380432, 0.44710931181907654, 0.32621443271636963, -0.3160988986492157, 0.0987136960029602, 0.2815604507923126, 0.15838555991649628, -0.07274316996335983, 0.23857808113098145, -0.6318349838256836, -0.3205890357494354, 0.2094927281141281], [-0.3163122832775116, -0.44498249888420105, 0.05563952028751373, -0.1764693558216095, 0.20381736755371094, 0.19239136576652527, 0.32316964864730835, 0.17706358432769775, -0.08283171057701111, -0.6891591548919678, 0.16327637434005737, -0.013230455107986927], [-0.21712982654571533, -0.5240656733512878, 0.1589982509613037, 0.5199671983718872, 0.10587386041879654, -1.1312013864517212, 0.19534185528755188, 0.29782986640930176, -0.05156021565198898, 0.5021394491195679, 0.2704073488712311, -0.3543680012226105], [0.16073383390903473, 0.22984819114208221, -0.0040822080336511135, -0.3107185363769531, 0.14109687507152557, 0.15766209363937378, 0.09447900950908661, -0.3018758296966553, 0.04449387267231941, -0.8526875376701355, -0.20577655732631683, 0.21702221035957336], [0.3413718640804291, 0.25183263421058655, 0.015149756334722042, 0.02422069013118744, 0.029898447915911674, 0.018251312896609306, 0.10144001990556717, 0.21118199825286865, 0.1781720519065857, -0.23276370763778687, 0.14772087335586548, 0.20438402891159058], [0.20099012553691864, 0.39062488079071045, -0.1728094071149826, -0.5474159717559814, 0.2013636976480484, 0.15214823186397552, -0.034647755324840546, -0.47347190976142883, 0.0009925708873197436, -1.1316956281661987, -0.13476186990737915, 0.17534352838993073], [0.007432286161929369, 0.055896446108818054, -0.07261451333761215, -0.019292008131742477, -0.24646760523319244, -0.06471659988164902, -0.28120774030685425, -0.1458514928817749, 0.12017084658145905, -0.004955517128109932, 0.0548698753118515, -0.10654936730861664], [0.06415214389562607, 0.5261996388435364, -0.18969771265983582, -0.6686248183250427, 0.09445082396268845, -0.3367352783679962, 0.0051841712556779385, 0.556419312953949, 0.22800767421722412, -0.12749648094177246, 0.40725424885749817, 0.22269338369369507], [0.19729602336883545, 0.33450767397880554, 0.3453182876110077, -0.05132683739066124, 0.06578564643859863, 0.19044238328933716, 0.14846700429916382, -0.5249647498130798, 0.01577932946383953, -0.7291092872619629, 0.09919730573892593, 0.08967012166976929], [0.22918297350406647, -0.4787903428077698, -0.01599288359284401, -0.22308726608753204, 0.20239514112472534, 0.5452749729156494, -0.04284946620464325, -0.44459763169288635, -0.0774960070848465, -0.13098831474781036, 0.737013041973114, 0.03296295925974846], [-0.8178110718727112, 0.31244367361068726, -0.16002091765403748, 0.09399308264255524, 0.18324126303195953, -0.189937025308609, 0.05741889029741287, -0.30770552158355713, 0.15111052989959717, 0.017854057252407074, -0.27888572216033936, 